{"cameraMode":{"drawMode":0,"name":"Shaded","section":"Shading Mode"},"sceneLighting":true,"audioPlay":false,"sceneViewState":{"showFog":true,"showMaterialUpdate":false,"showSkybox":true,"showFlares":true,"showImageEffects":true,"showParticleSystems":true},"in2DMode":false,"pivot":{"x":2.3044161796569826,"y":-0.8369884490966797,"z":0.5593147277832031},"rotation":{"x":-0.0017021915409713984,"y":0.9543375372886658,"z":-0.29867544770240786,"w":-0.005438839551061392},"size":50.14873504638672,"orthographic":false}